1.000000000000000000e+00,7.167889837234042716e-09,9.410925469270766616e-29,3.061000000000000000e+03
9.999811649322509766e-01,1.880790841823909432e-05,6.144952055344541524e-17,3.098000000000000000e+03
9.999976158142089844e-01,2.417003543087048456e-06,5.398381785807485561e-19,3.980000000000000000e+03
9.995459914207458496e-01,4.539738874882459641e-04,1.484083174277742168e-13,1.542000000000000000e+03
1.000000000000000000e+00,1.638072610887775227e-08,1.305771065237818411e-27,2.374000000000000000e+03
9.999729394912719727e-01,2.707939529500436038e-05,2.944593997615801290e-15,5.657000000000000000e+03
9.988412261009216309e-01,1.158804632723331451e-03,2.749102855081897445e-11,2.585000000000000000e+03
9.999740123748779297e-01,2.593426506791729480e-05,1.463318767204360282e-16,5.489000000000000000e+03
9.999706745147705078e-01,2.935534394055139273e-05,2.962386824645384326e-16,3.800000000000000000e+01
9.999998807907104492e-01,1.628928885111236013e-07,2.707557586753049896e-24,1.470000000000000000e+02
9.997319579124450684e-01,2.680572215467691422e-04,3.531748461391148730e-13,2.532000000000000000e+03
9.994040727615356445e-01,5.959230475127696991e-04,7.930751541596059440e-12,4.210000000000000000e+02
9.950108528137207031e-01,4.989176988601684570e-03,2.687475353368995457e-09,8.270000000000000000e+02
9.999978542327880859e-01,2.137017872883006930e-06,1.419887186955096300e-20,4.061000000000000000e+03
9.999989271163940430e-01,1.079444132301432546e-06,1.310670023191616495e-20,3.366000000000000000e+03
9.999998807907104492e-01,1.213392835097693023e-07,4.039315722390782910e-24,3.495000000000000000e+03
9.999953508377075195e-01,4.633982371160527691e-06,2.489098132554754932e-17,1.067000000000000000e+03
9.999985694885253906e-01,1.469338940296438523e-06,1.886555932344001154e-22,1.699000000000000000e+03
9.999688863754272461e-01,3.110496982117183506e-05,1.428105490004630881e-16,2.781000000000000000e+03
9.999173879623413086e-01,8.261012408183887601e-05,9.692423526643824394e-15,4.515000000000000000e+03
1.000000000000000000e+00,2.316114766642840550e-08,1.558220460122740664e-26,4.827000000000000000e+03
9.993953704833984375e-01,6.046399357728660107e-04,3.433253681350834086e-12,2.179000000000000000e+03
9.999988079071044922e-01,1.178416596303577535e-06,2.794891828522878079e-21,9.700000000000000000e+02
1.000000000000000000e+00,1.265023337401713438e-18,0.000000000000000000e+00,4.245000000000000000e+03
1.000000000000000000e+00,8.493904528915955093e-34,0.000000000000000000e+00,3.750000000000000000e+03
1.000000000000000000e+00,4.655322527469252236e-08,3.632062594610893986e-26,4.484000000000000000e+03
9.999927282333374023e-01,7.322770670725731179e-06,9.966474827910275446e-19,3.377000000000000000e+03
9.999995231628417969e-01,5.318777311913436279e-07,6.987211694835558676e-19,4.691000000000000000e+03
9.999837875366210938e-01,1.625601908017415553e-05,6.642423372643158682e-16,1.570000000000000000e+02
9.999897480010986328e-01,1.021019852487370372e-05,2.485752600567284212e-18,1.588000000000000000e+03
1.000000000000000000e+00,4.779365525564571726e-08,2.919057999368110692e-25,3.440000000000000000e+02
1.000000000000000000e+00,1.588035693461245208e-22,0.000000000000000000e+00,5.384000000000000000e+03
9.999928474426269531e-01,7.195285888883518055e-06,1.074431308294874933e-18,2.440000000000000000e+03
1.000000000000000000e+00,4.539827180849442811e-09,2.294610262251453697e-29,2.728000000000000000e+03
9.998924732208251953e-01,1.074683605111204088e-04,1.709431919204740941e-14,3.870000000000000000e+02
9.999907016754150391e-01,9.298256372858304530e-06,2.475289592999100965e-18,3.648000000000000000e+03
9.972194433212280273e-01,2.780498936772346497e-03,3.918116386891767888e-10,3.034000000000000000e+03
9.999994039535522461e-01,5.373538556341372896e-07,1.312725761894008795e-22,3.728000000000000000e+03
9.999637603759765625e-01,3.623828524723649025e-05,1.498965937031320698e-15,2.594000000000000000e+03
1.000000000000000000e+00,2.889357864077624072e-09,5.868056890717283609e-30,1.837000000000000000e+03
9.999967813491821289e-01,3.262993914177059196e-06,1.035428915232387125e-18,4.019000000000000000e+03
9.999986886978149414e-01,1.260391854884801432e-06,4.462068698568536734e-21,4.950000000000000000e+03
9.999976158142089844e-01,2.364400188525905833e-06,2.624003988008308551e-20,2.097000000000000000e+03
1.000000000000000000e+00,4.485499527362435401e-09,1.794408188485031517e-29,2.280000000000000000e+03
9.999990463256835938e-01,9.952693744708085433e-07,4.412491983984340476e-21,4.919000000000000000e+03
9.999660253524780273e-01,3.393754377611912787e-05,4.445216731091951399e-16,5.155000000000000000e+03
9.999340772628784180e-01,6.588919495698064566e-05,3.621066696545081204e-15,4.884000000000000000e+03
9.999923706054687500e-01,7.601211109431460500e-06,1.265776381951866401e-18,4.212000000000000000e+03
9.999989271163940430e-01,1.033665398608718533e-06,1.176630090130086649e-21,3.133000000000000000e+03
9.999781847000122070e-01,2.180062438128516078e-05,4.664861241691158045e-17,3.161000000000000000e+03
9.999938011169433594e-01,6.255445896385936067e-06,6.535781494449923742e-19,2.285000000000000000e+03
9.999998807907104492e-01,7.751950903411852778e-08,2.690198357407015497e-25,2.891000000000000000e+03
9.999980926513671875e-01,1.922451929203816690e-06,1.662101179947108172e-20,7.650000000000000000e+02
9.999971389770507812e-01,2.817898575813160278e-06,6.841678054850861832e-20,1.283000000000000000e+03
9.999973773956298828e-01,2.617823383843642659e-06,1.316993544324771630e-19,2.360000000000000000e+02
9.999887943267822266e-01,1.125986455008387566e-05,3.233655189237464023e-18,3.520000000000000000e+03
9.964455962181091309e-01,3.554409602656960487e-03,9.031933534409120057e-10,5.248000000000000000e+03
9.999829530715942383e-01,1.709601019683759660e-05,1.324235957265204166e-16,4.564000000000000000e+03
9.999858140945434570e-01,1.415330189047381282e-05,2.201902678237568830e-17,2.820000000000000000e+02
9.999905824661254883e-01,9.368608516524545848e-06,3.519249428683900603e-18,4.348000000000000000e+03
1.000000000000000000e+00,1.601381782734279113e-08,3.107173310445994894e-21,5.499000000000000000e+03
9.999914169311523438e-01,8.612521014583762735e-06,2.422687316690475691e-18,1.530000000000000000e+03
9.999864101409912109e-01,1.355742006126092747e-05,9.797726053841548173e-18,4.289000000000000000e+03
1.000000000000000000e+00,6.504314456614089249e-25,0.000000000000000000e+00,3.007000000000000000e+03
9.999988079071044922e-01,1.217086946780909784e-06,4.383516832634759591e-21,4.115000000000000000e+03
1.000000000000000000e+00,2.459024273093746160e-08,2.670535136527766692e-26,4.798000000000000000e+03
9.999997615814208984e-01,2.287041382942334167e-07,1.354339121277503433e-23,8.190000000000000000e+02
9.999978542327880859e-01,2.106134616042254493e-06,3.172503251665673082e-20,5.372000000000000000e+03
9.999625682830810547e-01,3.747799200937151909e-05,2.686828213360043221e-16,4.236000000000000000e+03
9.999614953994750977e-01,3.848457345156930387e-05,4.122473355386421442e-16,1.108000000000000000e+03
9.972429275512695312e-01,2.757133217528462410e-03,7.507976462761689618e-10,5.930000000000000000e+02
9.999939203262329102e-01,6.104778094595531002e-06,1.778732586491925241e-18,2.186000000000000000e+03
9.999994039535522461e-01,5.557755002882913686e-07,2.516228105682845703e-19,5.090000000000000000e+03
9.999988079071044922e-01,1.247257046088634524e-06,3.913979955601894321e-21,3.867000000000000000e+03
9.999933242797851562e-01,6.696738182654371485e-06,2.351347315012380706e-16,9.070000000000000000e+02
9.999885559082031250e-01,1.139017786044860259e-05,4.099496776055148244e-18,1.005000000000000000e+03
9.999998807907104492e-01,8.013584107402493828e-08,1.076355444279633553e-24,1.467000000000000000e+03
9.999980926513671875e-01,1.858062319115560967e-06,6.691203319331739102e-21,2.906000000000000000e+03
9.999977350234985352e-01,2.275693987030535936e-06,3.274557952209109985e-20,5.206000000000000000e+03
9.924243688583374023e-01,7.575626950711011887e-03,2.576372359897050046e-08,3.611000000000000000e+03
9.999909400939941406e-01,9.020091056299861521e-06,4.535888315916686289e-18,8.420000000000000000e+02
9.999933242797851562e-01,6.618491624976741150e-06,8.644803060233633599e-19,1.090000000000000000e+03
9.999997615814208984e-01,2.815288269175653113e-07,1.917121641848673818e-23,2.816000000000000000e+03
9.999942779541015625e-01,5.751424396294169128e-06,7.923561234760879979e-16,1.414000000000000000e+03
9.999998807907104492e-01,8.148976604616109398e-08,3.366267930399527034e-25,2.904000000000000000e+03
9.999952316284179688e-01,4.748318133351858705e-06,2.788792906313076698e-19,1.537000000000000000e+03
9.999998807907104492e-01,7.391096090714199818e-08,1.786665919293715718e-25,3.249000000000000000e+03
9.998518228530883789e-01,1.481103390688076615e-04,2.108820998142531267e-14,5.233000000000000000e+03
9.999996423721313477e-01,3.217337223304639338e-07,7.048570918698976577e-19,3.531000000000000000e+03
9.999736547470092773e-01,2.633829171827528626e-05,6.721855607807604807e-17,3.339000000000000000e+03
9.999628067016601562e-01,3.713365367730148137e-05,1.850140185369678059e-16,2.455000000000000000e+03
9.999790191650390625e-01,2.092434624501038343e-05,4.116477884132188094e-17,7.640000000000000000e+02
9.999786615371704102e-01,2.136386865458916873e-05,5.325511206347050019e-17,1.924000000000000000e+03
9.999949932098388672e-01,5.027146016800543293e-06,1.704637262737028372e-19,1.300000000000000000e+03
9.999353885650634766e-01,6.459232099587097764e-05,3.629770383594592767e-15,3.565000000000000000e+03
9.999967813491821289e-01,3.257698608649661765e-06,2.469002458119375360e-20,5.080000000000000000e+03
9.999997615814208984e-01,2.531301959152187919e-07,8.647211619689567510e-24,1.564000000000000000e+03
9.999835491180419922e-01,1.645243719394784421e-05,1.934140230990650210e-15,1.375000000000000000e+03
9.999977350234985352e-01,2.262161387989181094e-06,1.978436856613693505e-20,5.127000000000000000e+03
9.999769926071166992e-01,2.295885860803537071e-05,7.486171208490651624e-15,4.128000000000000000e+03
9.999998807907104492e-01,9.290053526456176769e-08,3.366729907067147090e-25,5.646000000000000000e+03
9.999970197677612305e-01,3.016309165104757994e-06,4.833409220251127485e-20,2.981000000000000000e+03
9.999988079071044922e-01,1.162665625997760799e-06,1.606398482068617832e-21,3.154000000000000000e+03
9.999979734420776367e-01,2.026872380156419240e-06,1.652957926121556209e-20,1.327000000000000000e+03
1.000000000000000000e+00,4.984658374951322912e-08,6.367930513381724452e-26,1.738000000000000000e+03
9.999932050704956055e-01,6.795607987442053854e-06,2.277897208678887450e-18,5.765000000000000000e+03
9.999924898147583008e-01,7.515249762946041301e-06,1.427587592223111430e-18,4.350000000000000000e+03
9.998683929443359375e-01,1.315740373684093356e-04,7.855432341934143192e-14,4.693000000000000000e+03
9.999880790710449219e-01,1.195007826026994735e-05,7.749617758173513567e-18,7.320000000000000000e+02
9.999425411224365234e-01,5.748349576606415212e-05,8.152331069528873618e-16,4.734000000000000000e+03
9.998865127563476562e-01,1.134690246544778347e-04,3.205881469580534882e-14,5.600000000000000000e+01
9.999985694885253906e-01,1.378009187646966893e-06,1.358753854484739266e-20,2.079000000000000000e+03
9.983507394790649414e-01,1.649325829930603504e-03,1.073889310809761355e-10,2.339000000000000000e+03
1.000000000000000000e+00,3.589479646848303673e-08,1.767649471912110813e-26,4.598000000000000000e+03
9.999995231628417969e-01,4.267159567916678498e-07,8.732938869753926349e-23,1.803000000000000000e+03
9.999994039535522461e-01,5.747431828240223695e-07,2.863900825153534916e-22,4.369000000000000000e+03
9.999984502792358398e-01,1.589246039657155052e-06,1.424118894334901271e-20,3.325000000000000000e+03
9.999601840972900391e-01,3.979812026955187321e-05,7.761094492125992800e-16,8.490000000000000000e+02
9.999998807907104492e-01,1.654798609251884045e-07,3.985682252736164149e-24,1.515000000000000000e+03
9.999911785125732422e-01,8.774190064286813140e-06,7.169789791372830311e-18,4.143000000000000000e+03
9.999989271163940430e-01,1.080216406990075484e-06,4.660702115532695481e-19,4.639000000000000000e+03
9.996569156646728516e-01,3.430741780903190374e-04,8.600927045229744827e-13,3.072000000000000000e+03
9.999998807907104492e-01,7.884832342597292154e-08,3.011178710689491635e-25,1.996000000000000000e+03
1.000000000000000000e+00,5.229210486845659034e-08,8.003796919216776468e-26,4.084000000000000000e+03
9.990931749343872070e-01,9.068793733604252338e-04,1.996846264729068565e-11,1.386000000000000000e+03
9.999974966049194336e-01,2.520971975172869861e-06,8.746470795346760539e-20,3.078000000000000000e+03
9.952764511108398438e-01,4.723584745079278946e-03,3.367353063055134044e-09,4.186000000000000000e+03
1.000000000000000000e+00,1.737421584380172135e-08,7.105643033362886700e-27,1.850000000000000000e+03
9.999929666519165039e-01,6.985386335145449266e-06,4.553421959963396248e-19,1.024000000000000000e+03
9.999923706054687500e-01,7.639394425495993346e-06,2.247761778192661822e-18,5.597000000000000000e+03
1.000000000000000000e+00,3.827121139963676337e-31,0.000000000000000000e+00,4.367000000000000000e+03
9.967364668846130371e-01,3.263570601120591164e-03,7.340599794680713330e-10,1.589000000000000000e+03
9.999870061874389648e-01,1.299993436987278983e-05,5.079022964334823514e-18,1.130000000000000000e+03
9.999992847442626953e-01,7.239973456307779998e-07,4.366593759355626006e-22,5.361000000000000000e+03
9.999485015869140625e-01,5.151589721208438277e-05,8.561401396240601695e-16,2.439000000000000000e+03
9.999994039535522461e-01,5.771803444076795131e-07,3.003151814320596274e-22,5.009000000000000000e+03
9.999998807907104492e-01,1.648394345465931110e-07,4.375813018982762927e-24,3.711000000000000000e+03
9.999078512191772461e-01,9.216044418280944228e-05,3.624421794049155487e-14,1.070000000000000000e+03
9.999961853027343750e-01,3.869891315844142810e-06,1.383770154965558306e-19,4.455000000000000000e+03
9.999896287918090820e-01,1.032224008667981252e-05,3.663585414539197231e-18,4.624000000000000000e+03
9.999898672103881836e-01,1.018507100525312126e-05,2.122133722661170744e-18,4.270000000000000000e+03
9.999606609344482422e-01,3.937260771635919809e-05,5.961227829758225603e-16,9.760000000000000000e+02
9.999995231628417969e-01,4.351927600509952754e-07,7.438031266898325592e-23,4.170000000000000000e+02
1.000000000000000000e+00,3.363736311712273164e-08,1.410809782179341632e-26,1.331000000000000000e+03
1.000000000000000000e+00,3.245260726814080954e-09,8.337136319082754023e-30,9.050000000000000000e+02
1.000000000000000000e+00,2.684551247966737719e-09,4.514875189982891384e-30,2.541000000000000000e+03
1.000000000000000000e+00,3.220314681584568461e-08,4.332094680416108843e-26,5.146000000000000000e+03
9.999902248382568359e-01,9.718963156046811491e-06,5.482854193744436731e-18,3.808000000000000000e+03
9.998760223388671875e-01,1.239398407051339746e-04,1.965011270019245693e-13,6.310000000000000000e+02
9.999984502792358398e-01,1.509793719378649257e-06,6.652596441386673817e-21,1.003000000000000000e+03
9.999818801879882812e-01,1.815757059375755489e-05,5.779770343748100994e-17,5.101000000000000000e+03
9.999997615814208984e-01,1.984319339953799499e-07,7.625957813816782174e-24,9.500000000000000000e+02
9.999936819076538086e-01,6.339887022477341816e-06,2.418897588714063994e-18,3.319000000000000000e+03
9.974023103713989258e-01,2.597664017230272293e-03,5.949874481991912489e-10,3.283000000000000000e+03
9.999649524688720703e-01,3.506632856442593038e-05,4.294680182821345024e-16,2.757000000000000000e+03
9.920867085456848145e-01,7.913323119282722473e-03,9.206187812083044264e-09,1.853000000000000000e+03
9.999995231628417969e-01,4.965897346664860379e-07,1.104321837380080353e-22,1.439000000000000000e+03
9.999921321868896484e-01,7.844966603443026543e-06,1.194824758114977314e-18,1.616000000000000000e+03
1.000000000000000000e+00,4.468048331318641431e-08,4.138099300829080248e-26,8.880000000000000000e+02
9.999660253524780273e-01,3.400817149668000638e-05,1.320964292506434431e-16,5.405000000000000000e+03
9.980260133743286133e-01,1.974053913727402687e-03,2.101720880665070013e-10,4.530000000000000000e+03
1.000000000000000000e+00,4.612940429638001660e-08,1.322042327513804727e-24,2.266000000000000000e+03
9.999939203262329102e-01,6.094628133723745123e-06,5.095181834203470341e-19,4.966000000000000000e+03
9.999905824661254883e-01,9.399448572366964072e-06,2.465563810151855604e-18,5.323000000000000000e+03
9.977295994758605957e-01,2.270458033308386803e-03,3.929313263650868748e-10,5.219000000000000000e+03
1.000000000000000000e+00,1.506058389111331053e-08,5.919024562958519143e-22,7.120000000000000000e+02
9.991443157196044922e-01,8.556591928936541080e-04,2.310569964525388542e-11,3.477000000000000000e+03
9.999814033508300781e-01,1.855358459579292685e-05,1.163272119085264584e-17,1.105000000000000000e+03
9.999985694885253906e-01,1.453233380743768066e-06,3.536659984378053549e-21,5.448000000000000000e+03
9.999370574951171875e-01,6.294337072176858783e-05,1.993564250921749277e-15,4.439000000000000000e+03
9.999983310699462891e-01,1.728367465148039628e-06,9.114099747927303051e-21,2.122000000000000000e+03
9.999997615814208984e-01,2.824695570780022535e-07,8.143536711252616052e-23,1.462000000000000000e+03
9.999666213989257812e-01,3.342753552715294063e-05,1.020895128531065039e-16,4.584000000000000000e+03
9.999699592590332031e-01,3.003014899150002748e-05,1.006636453829671965e-16,4.646000000000000000e+03
9.999992847442626953e-01,7.077583177306223661e-07,1.940742421892172432e-21,5.548000000000000000e+03
9.999626874923706055e-01,3.725776332430541515e-05,2.313540793505073061e-17,2.699000000000000000e+03
9.999997615814208984e-01,2.619836436679179315e-07,1.250396362936776732e-23,1.315000000000000000e+03
9.999649524688720703e-01,3.506372013362124562e-05,2.099184944870285453e-16,1.749000000000000000e+03
1.000000000000000000e+00,5.129015841498507384e-16,0.000000000000000000e+00,8.240000000000000000e+02
9.999773502349853516e-01,2.261283771076705307e-05,5.039413255266599273e-17,2.123000000000000000e+03
9.999952316284179688e-01,4.751189862872706726e-06,6.356103389742686453e-19,1.799000000000000000e+03
9.999983310699462891e-01,1.684598487372568343e-06,9.540569514835208952e-21,6.320000000000000000e+02
9.999971389770507812e-01,2.811584863593452610e-06,9.688328367602901474e-20,3.870000000000000000e+03
9.999998807907104492e-01,9.160392266949202167e-08,3.717983044106512437e-25,9.900000000000000000e+02
1.000000000000000000e+00,1.803639682051993987e-09,1.051490793477207938e-30,2.183000000000000000e+03
9.999661445617675781e-01,3.383336297702044249e-05,1.619004481700884752e-16,2.580000000000000000e+02
9.985840320587158203e-01,1.415936509147286415e-03,4.733571867809871492e-11,1.611000000000000000e+03
9.999997615814208984e-01,2.813559945025190245e-07,2.010419258623127868e-18,1.737000000000000000e+03
1.000000000000000000e+00,4.900017458453476138e-08,2.961851435501248072e-24,4.980000000000000000e+03
9.999989271163940430e-01,1.087840701075037941e-06,1.522312321433495610e-21,1.840000000000000000e+02
9.999973773956298828e-01,2.659040319485939108e-06,6.323923737468900871e-20,3.930000000000000000e+03
9.991237521171569824e-01,8.762491634115576744e-04,2.155760292499309116e-11,3.910000000000000000e+03
9.962318539619445801e-01,3.768127877265214920e-03,1.569235630327625586e-09,1.086000000000000000e+03
9.999990463256835938e-01,9.180794222629629076e-07,3.255106969741574598e-21,3.739000000000000000e+03
1.000000000000000000e+00,4.888375898765928793e-16,0.000000000000000000e+00,4.105000000000000000e+03
9.999666213989257812e-01,3.341504270792938769e-05,3.927894005534347636e-16,3.270000000000000000e+02
9.999996423721313477e-01,3.066528222461784026e-07,5.194564494991323046e-23,5.620000000000000000e+02
1.000000000000000000e+00,7.157854531932038011e-26,0.000000000000000000e+00,4.225000000000000000e+03
9.999691247940063477e-01,3.083652336499653757e-05,2.077651779164305036e-16,5.824000000000000000e+03
9.999936819076538086e-01,6.351827323669567704e-06,9.545486425030240467e-19,3.519000000000000000e+03
9.999980926513671875e-01,1.945157691807253286e-06,1.552218475063821298e-20,3.130000000000000000e+02
9.998062252998352051e-01,1.937965716933831573e-04,5.328275577779753233e-15,2.613000000000000000e+03
9.999998807907104492e-01,1.483049345551989973e-07,1.193491723766478001e-23,5.114000000000000000e+03
9.922330379486083984e-01,7.766982074826955795e-03,1.380972314279915736e-08,5.982000000000000000e+03
9.999601840972900391e-01,3.977194137405604124e-05,7.612606969494353781e-16,5.169000000000000000e+03
9.999959468841552734e-01,4.035116944578476250e-06,2.073500103835210043e-19,4.004000000000000000e+03
9.999997615814208984e-01,2.941378625109791756e-07,2.286778391047256978e-23,5.910000000000000000e+03
9.999996423721313477e-01,3.116810205483488971e-07,2.135181886485667830e-23,1.110000000000000000e+02
9.999858140945434570e-01,1.424000492988852784e-05,2.604530525292039902e-17,1.678000000000000000e+03
1.000000000000000000e+00,4.789641039337766415e-08,1.258900224330491348e-25,2.297000000000000000e+03
9.999983310699462891e-01,1.651057800700073130e-06,7.335743018088555128e-21,3.058000000000000000e+03
9.999898672103881836e-01,1.016697115119313821e-05,1.998699970499629710e-18,3.053000000000000000e+03
9.999903440475463867e-01,9.695116204966325313e-06,3.231218521948035942e-18,3.980000000000000000e+02
9.997964501380920410e-01,2.035983052337542176e-04,1.584818159951900673e-13,3.494000000000000000e+03
1.000000000000000000e+00,5.251535002862437261e-36,0.000000000000000000e+00,9.700000000000000000e+01
9.999989271163940430e-01,1.106933495975681581e-06,1.329421517014693893e-21,4.420000000000000000e+02
9.999778270721435547e-01,2.218848931079264730e-05,1.108006048234616418e-16,3.987000000000000000e+03
9.999998807907104492e-01,1.691453377361540333e-07,3.360278060242377316e-24,5.750000000000000000e+03
9.999910593032836914e-01,8.917028935684356838e-06,1.410087448991209869e-18,4.963000000000000000e+03
1.000000000000000000e+00,4.628831362651908421e-08,1.404860076135624143e-25,1.140000000000000000e+02
9.999644756317138672e-01,3.553912756615318358e-05,4.819802758334180807e-16,5.149000000000000000e+03
9.999997615814208984e-01,1.977840895506233210e-07,7.399992551820749447e-24,2.194000000000000000e+03
9.999998807907104492e-01,8.430374975887389155e-08,2.603990405089298919e-25,4.731000000000000000e+03
9.999992847442626953e-01,7.116425990716379602e-07,4.437371117078524197e-22,2.563000000000000000e+03
9.991896748542785645e-01,8.103161817416548729e-04,1.457360621071046580e-11,2.701000000000000000e+03
9.999977350234985352e-01,2.240983121737372130e-06,5.733977232126374419e-20,5.569000000000000000e+03
9.999814033508300781e-01,1.853692447184585035e-05,1.342124283950867674e-17,6.970000000000000000e+02
9.997414946556091309e-01,2.584934118203818798e-04,3.836997722588691984e-13,3.860000000000000000e+03
9.999996423721313477e-01,3.597176316816330655e-07,3.986443582395792947e-23,4.665000000000000000e+03
1.000000000000000000e+00,4.958987886993782013e-08,7.276844338723312379e-26,4.585000000000000000e+03
9.999998807907104492e-01,1.299111573871414294e-07,9.459321833509252975e-24,4.488000000000000000e+03
9.999979734420776367e-01,1.990172677324153483e-06,8.207807064601820964e-21,1.809000000000000000e+03
9.999957084655761719e-01,4.249115136190084741e-06,2.144925340271574023e-19,2.490000000000000000e+03
9.999638795852661133e-01,3.606803875300101936e-05,1.566096917843584532e-17,2.248000000000000000e+03
9.946597218513488770e-01,5.340319592505693436e-03,4.988152557672265175e-09,3.418000000000000000e+03
9.999482631683349609e-01,5.169320138520561159e-05,5.400845549052239042e-15,1.250000000000000000e+02
9.999727010726928711e-01,2.729888183239381760e-05,1.961535738194357240e-16,2.398000000000000000e+03
9.999575614929199219e-01,4.245646414346992970e-05,8.787742893427935662e-16,2.493000000000000000e+03
9.999991655349731445e-01,8.002539289009291679e-07,1.124797712984388672e-21,4.330000000000000000e+02
9.999721050262451172e-01,2.793544808810111135e-05,2.268676899360360993e-16,2.737000000000000000e+03
9.999998807907104492e-01,1.445873323291380075e-07,1.696176375109105523e-24,2.385000000000000000e+03
9.999811649322509766e-01,1.881393654912244529e-05,5.922857369596503806e-17,2.007000000000000000e+03
1.000000000000000000e+00,9.605463091588717361e-09,1.835065339983023820e-27,4.828000000000000000e+03
9.999935626983642578e-01,6.389001555362483487e-06,1.688276043811035761e-18,3.449000000000000000e+03
9.999798536300659180e-01,2.012610093515831977e-05,2.429536992547874175e-17,1.075000000000000000e+03
9.999700784683227539e-01,2.993830639752559364e-05,5.718252590720287304e-17,1.649000000000000000e+03
9.999556541442871094e-01,4.434779111761599779e-05,2.491755996211785819e-16,4.668000000000000000e+03
9.999912977218627930e-01,8.728528882784303278e-06,4.321263484690308687e-18,4.512000000000000000e+03
9.999758005142211914e-01,2.425097409286536276e-05,1.507619649136944257e-16,3.397000000000000000e+03
9.992710947990417480e-01,7.288695196621119976e-04,1.227568827838476651e-11,1.867000000000000000e+03
9.999983310699462891e-01,1.684847461547178682e-06,1.010710907066447217e-20,3.932000000000000000e+03
9.999998807907104492e-01,6.978090283382698544e-08,2.002513423882706765e-25,3.113000000000000000e+03
9.999693632125854492e-01,3.062727046199142933e-05,1.774664652860093584e-16,1.421000000000000000e+03
9.999997615814208984e-01,2.130005185563277337e-07,1.149710969045888633e-23,3.915000000000000000e+03
9.999985694885253906e-01,1.446597593712795060e-06,1.306406650303987228e-20,2.322000000000000000e+03
9.999990463256835938e-01,1.003225520435080398e-06,1.661930856673517541e-21,4.400000000000000000e+03
9.999190568923950195e-01,8.091591735137626529e-05,6.126952261108252820e-15,4.699000000000000000e+03
9.999845027923583984e-01,1.548701766296289861e-05,6.357469478524317778e-18,2.011000000000000000e+03
9.998317956924438477e-01,1.682080328464508057e-04,4.252185439830103234e-15,5.433000000000000000e+03
1.000000000000000000e+00,1.573896221684911723e-11,0.000000000000000000e+00,2.847000000000000000e+03
9.999942779541015625e-01,5.701922418666072190e-06,1.063045994343695060e-18,8.020000000000000000e+02
9.991724491119384766e-01,8.275725995190441608e-04,1.140113958103539105e-11,5.540000000000000000e+02
9.999994039535522461e-01,5.919399654885637574e-07,3.008267066109087952e-21,4.754000000000000000e+03
1.000000000000000000e+00,1.739222591858559661e-26,0.000000000000000000e+00,9.380000000000000000e+02
9.999901056289672852e-01,9.846437023952603340e-06,6.094997211945422843e-18,4.338000000000000000e+03
9.999921321868896484e-01,7.815649041731376201e-06,1.959799113857332786e-18,1.956000000000000000e+03
1.000000000000000000e+00,2.370569340826023108e-08,4.551959305090542340e-27,5.359000000000000000e+03
1.000000000000000000e+00,1.769551261077140225e-08,1.723489670142860331e-27,2.810000000000000000e+02
9.999957084655761719e-01,4.281902420188998803e-06,8.356502311672317655e-20,4.485000000000000000e+03
1.000000000000000000e+00,8.679684526669007028e-09,2.444344063097614451e-28,1.152000000000000000e+03
1.000000000000000000e+00,5.531538960212856182e-08,3.768258875229477691e-25,4.944000000000000000e+03
9.999996423721313477e-01,3.221261124508600915e-07,2.179122701083926541e-23,3.501000000000000000e+03
9.999681711196899414e-01,3.177232429152354598e-05,6.527921458833322362e-17,1.039000000000000000e+03
9.999985694885253906e-01,1.402446059728390537e-06,1.021747790571634734e-20,8.040000000000000000e+02
9.999897480010986328e-01,1.029585382639197633e-05,9.001566368620484142e-18,1.463000000000000000e+03
9.999914169311523438e-01,8.589586286689154804e-06,1.954385216748173220e-18,3.468000000000000000e+03
9.999992847442626953e-01,7.124248782020004001e-07,6.426801074786076729e-22,1.898000000000000000e+03
9.999680519104003906e-01,3.196497345925308764e-05,2.264310444517265075e-16,5.063000000000000000e+03
9.999419450759887695e-01,5.808988134958781302e-05,2.452942617227988828e-15,4.820000000000000000e+02
9.999668598175048828e-01,3.319143070257268846e-05,2.426487343065513672e-16,1.098000000000000000e+03
9.817051887512207031e-01,1.829437725245952606e-02,4.367458359411102720e-07,5.643000000000000000e+03
1.000000000000000000e+00,1.672488103565683559e-08,6.139366617222889360e-27,8.260000000000000000e+02
9.994820952415466309e-01,5.179671570658683777e-04,2.828481372729729770e-12,3.582000000000000000e+03
1.000000000000000000e+00,4.055171753947206525e-09,1.031905214417366539e-29,9.880000000000000000e+02
9.999972581863403320e-01,2.790354301396291703e-06,1.577341533542447963e-19,1.740000000000000000e+02
9.994751811027526855e-01,5.248308298178017139e-04,2.720914422590925419e-12,5.983000000000000000e+03
9.999916553497314453e-01,8.341128705069422722e-06,6.430611683418400421e-19,1.336000000000000000e+03
1.000000000000000000e+00,1.355305911943105457e-08,9.640095965954535633e-28,7.580000000000000000e+02
9.999998807907104492e-01,1.238080358234583400e-07,1.165746105223270879e-24,4.361000000000000000e+03
9.999960660934448242e-01,3.907502104993909597e-06,9.498754727077086457e-20,5.781000000000000000e+03
9.999110698699951172e-01,8.889524178812280297e-05,6.788748420160457472e-15,5.898000000000000000e+03
9.999895095825195312e-01,1.053725645761005580e-05,4.682419639117698653e-18,5.791000000000000000e+03
1.000000000000000000e+00,4.636006067926246033e-08,3.120159659856499755e-26,5.466000000000000000e+03
9.999932050704956055e-01,6.836090506112668663e-06,1.536992878183635960e-18,3.533000000000000000e+03
9.999895095825195312e-01,1.049536513164639473e-05,7.049875072332242995e-18,1.677000000000000000e+03
9.999988079071044922e-01,1.184276243293425068e-06,4.891248612893547525e-21,9.500000000000000000e+01
9.999985694885253906e-01,1.446081569156376645e-06,1.080820441652711715e-20,1.448000000000000000e+03
9.997209906578063965e-01,2.790222351904958487e-04,4.060246062975725323e-13,2.885000000000000000e+03
9.999841451644897461e-01,1.585164500284008682e-05,1.390857050713000513e-17,1.092000000000000000e+03
9.999953508377075195e-01,4.696473297371994704e-06,2.493847958728399271e-19,4.016000000000000000e+03
9.999997615814208984e-01,2.181444358484441182e-07,1.394433765646266579e-23,1.928000000000000000e+03
9.995785355567932129e-01,4.214625223539769650e-04,2.146767572736019147e-12,5.927000000000000000e+03
9.999995231628417969e-01,4.272762907930882648e-07,1.710361387916863877e-22,1.801000000000000000e+03
9.999749660491943359e-01,2.499877336958888918e-05,1.227776904023068511e-16,5.042000000000000000e+03
1.000000000000000000e+00,9.351900587262207409e-09,1.411023666329315557e-28,4.029000000000000000e+03
9.999712705612182617e-01,2.868119736376684159e-05,1.132458433583969975e-16,4.711000000000000000e+03
9.999688863754272461e-01,3.115196159342303872e-05,2.709086121631518098e-16,4.959000000000000000e+03
1.000000000000000000e+00,5.165775363025204570e-08,6.149823415337340970e-26,7.280000000000000000e+02
1.000000000000000000e+00,1.103720517758866038e-10,2.596271898744213348e-34,2.540000000000000000e+03
9.999998807907104492e-01,7.102934063141219667e-08,1.348949805997117812e-25,5.198000000000000000e+03
9.999389648437500000e-01,6.098668382037431002e-05,6.379149968406116339e-15,1.587000000000000000e+03
9.999855756759643555e-01,1.439151674276217818e-05,8.110641563702895049e-18,2.066000000000000000e+03
9.999996423721313477e-01,3.876595542351424228e-07,8.414869521680090212e-23,2.226000000000000000e+03
9.999995231628417969e-01,4.671341855555510847e-07,4.277141728977867011e-22,1.150000000000000000e+03
9.998749494552612305e-01,1.250772329512983561e-04,3.131640725819589965e-14,3.500000000000000000e+02
9.994187355041503906e-01,5.812472663819789886e-04,1.498165523930450327e-12,4.969000000000000000e+03
9.999989271163940430e-01,1.106997842725832015e-06,6.386939794405739684e-21,2.353000000000000000e+03
9.999979734420776367e-01,2.082268792946706526e-06,1.010053503852904021e-16,5.733000000000000000e+03
9.999928474426269531e-01,7.096437911968678236e-06,7.898170892771340292e-16,4.702000000000000000e+03
9.999734163284301758e-01,2.654164381965529174e-05,1.810716757375400760e-16,5.967000000000000000e+03
9.957708716392517090e-01,4.229136276990175247e-03,3.553388250310263174e-09,4.314000000000000000e+03
9.999986886978149414e-01,1.253791083399846684e-06,4.350648116292497463e-21,1.126000000000000000e+03
9.999530315399169922e-01,4.691187496064230800e-05,9.150705511051467934e-16,2.475000000000000000e+03
9.999997615814208984e-01,1.925184136553070857e-07,8.288198655140769374e-24,5.170000000000000000e+03
9.999967813491821289e-01,3.192371650584391318e-06,1.263591151719260298e-19,2.144000000000000000e+03
9.997902512550354004e-01,2.097974356729537249e-04,2.165899431376752671e-13,3.140000000000000000e+02
9.999881982803344727e-01,1.175525540020316839e-05,1.667860812702920761e-17,3.918000000000000000e+03
9.999997615814208984e-01,2.602077699975779979e-07,1.258997234500310902e-23,2.980000000000000000e+02
9.999996423721313477e-01,3.794870906403957633e-07,4.264659993082225656e-23,5.365000000000000000e+03
9.999790191650390625e-01,2.092733848257921636e-05,4.343789101695230226e-17,5.562000000000000000e+03
9.999947547912597656e-01,5.193672677705762908e-06,8.205755236630034643e-19,2.937000000000000000e+03
1.000000000000000000e+00,8.195418232936901859e-10,4.151005803742351707e-31,3.315000000000000000e+03
9.998587369918823242e-01,1.412932761013507843e-04,2.396260273540562480e-14,2.669000000000000000e+03
9.999660253524780273e-01,3.392259168322198093e-05,3.593411811971057145e-16,3.270000000000000000e+03
1.000000000000000000e+00,3.761942934943363070e-08,1.287667516353572833e-26,3.913000000000000000e+03
9.999891519546508789e-01,1.081078244169475511e-05,2.550383944138808753e-18,2.808000000000000000e+03
9.999765157699584961e-01,2.347117879253346473e-05,1.134752039986457010e-16,2.562000000000000000e+03
1.000000000000000000e+00,4.628802230399742257e-09,2.468095022376317797e-29,2.384000000000000000e+03
9.999768733978271484e-01,2.315857091161888093e-05,7.923359270342519032e-17,2.859000000000000000e+03
9.999748468399047852e-01,2.520137604733463377e-05,9.760202494278182668e-17,4.931000000000000000e+03
9.999964237213134766e-01,3.618347363953944296e-06,1.390193600162944700e-19,3.420000000000000000e+02
9.999965429306030273e-01,3.489388063826481812e-06,6.647639577721821137e-20,2.873000000000000000e+03
9.999996423721313477e-01,4.043851333790371427e-07,3.813334998721007851e-23,5.869000000000000000e+03
9.995505213737487793e-01,4.495024040807038546e-04,2.470095742529432314e-12,9.560000000000000000e+02
1.000000000000000000e+00,2.594910064601663180e-08,3.860249480353465554e-28,3.395000000000000000e+03
9.999982118606567383e-01,1.809376158234954346e-06,3.581613534819902650e-20,3.880000000000000000e+03
1.000000000000000000e+00,1.375349789611846063e-08,9.046089096926958027e-28,1.176000000000000000e+03
1.000000000000000000e+00,2.738179816219599161e-08,1.072726801212157517e-26,2.948000000000000000e+03
9.999926090240478516e-01,7.378247119049774483e-06,3.042039834315320854e-18,2.722000000000000000e+03
9.999969005584716797e-01,3.068171508857631125e-06,5.508399262969481759e-20,4.192000000000000000e+03
9.998581409454345703e-01,1.418571482645347714e-04,3.490694604028898862e-14,4.500000000000000000e+03
1.000000000000000000e+00,1.397101715554010676e-38,0.000000000000000000e+00,3.730000000000000000e+03
9.999980926513671875e-01,1.858948508015600964e-06,1.141656021414292337e-20,4.833000000000000000e+03
9.999998807907104492e-01,1.587323907870086259e-07,3.617118943638307834e-24,3.065000000000000000e+03
9.999943971633911133e-01,5.650712864735396579e-06,2.819716278031547369e-19,1.091000000000000000e+03
9.999903440475463867e-01,9.658975614001974463e-06,4.687910464023825651e-18,1.337000000000000000e+03
9.993994235992431641e-01,6.005438044667243958e-04,4.035005402719393786e-12,2.799000000000000000e+03
9.999986886978149414e-01,1.356769416815950535e-06,1.031172722013980877e-20,4.539000000000000000e+03
9.999880790710449219e-01,1.194251308334060013e-05,3.184868076709086451e-18,4.052000000000000000e+03
9.999998807907104492e-01,6.620624048991885502e-08,7.524236665278861517e-26,1.056000000000000000e+03
9.999904632568359375e-01,9.477830644755158573e-06,6.063992828225710260e-18,4.569000000000000000e+03
9.999771118164062500e-01,2.293006218678783625e-05,4.311522771233006744e-17,1.652000000000000000e+03
9.999997615814208984e-01,2.585814797839702806e-07,1.908860848221380427e-23,5.282000000000000000e+03
9.999912977218627930e-01,8.670000170241110027e-06,6.932839603567830257e-17,1.918000000000000000e+03
9.999986886978149414e-01,1.254667836292355787e-06,2.888708165594456283e-21,1.927000000000000000e+03
9.999842643737792969e-01,1.578147748659830540e-05,1.990783852037497235e-17,1.826000000000000000e+03
1.000000000000000000e+00,7.478176488017991910e-16,0.000000000000000000e+00,5.379000000000000000e+03
9.999941587448120117e-01,5.886804046895122156e-06,6.995548641434327504e-19,5.148000000000000000e+03
1.000000000000000000e+00,1.280376160650575912e-08,7.910805394819180947e-30,1.920000000000000000e+02
9.999725818634033203e-01,2.744560879364144057e-05,2.095560570298323107e-16,4.698000000000000000e+03
9.999991655349731445e-01,8.659263812660356052e-07,1.049314957734028190e-21,5.744000000000000000e+03
9.999998807907104492e-01,9.546362633727767388e-08,3.504199027082256541e-25,2.840000000000000000e+02
9.999976158142089844e-01,2.335956196475308388e-06,2.460223357633802797e-20,3.086000000000000000e+03
9.929558038711547852e-01,7.044186349958181381e-03,9.985773097298533685e-09,4.879000000000000000e+03
9.999997615814208984e-01,1.883119580270431470e-07,2.311378860604393187e-23,4.777000000000000000e+03
1.000000000000000000e+00,1.848951686200805966e-10,1.942211258610938269e-35,1.946000000000000000e+03
9.999996423721313477e-01,4.088593357209902024e-07,7.381669364030818917e-23,8.150000000000000000e+02
9.999846220016479492e-01,1.542099380458239466e-05,1.901961694169920655e-17,4.495000000000000000e+03
9.991953969001770020e-01,8.046024595387279987e-04,1.054519666032760483e-11,1.276000000000000000e+03
9.999997615814208984e-01,2.821545592723850859e-07,2.833118084236617847e-22,2.130000000000000000e+03
9.999990463256835938e-01,9.105083904614730272e-07,1.647287376840306460e-21,2.319000000000000000e+03
9.999870061874389648e-01,1.302173586736898869e-05,1.061377612407206231e-17,3.684000000000000000e+03
1.000000000000000000e+00,3.094746444165046639e-25,0.000000000000000000e+00,4.398000000000000000e+03
9.999946355819702148e-01,5.368870006350334734e-06,3.884472209797754391e-19,5.917000000000000000e+03
9.999995231628417969e-01,4.269317059879540466e-07,6.826588965793864402e-23,1.740000000000000000e+03
9.999991655349731445e-01,8.052300586314231623e-07,6.389033696305460403e-22,2.864000000000000000e+03
9.999991655349731445e-01,8.565614848521363456e-07,5.766882703075932605e-22,3.779000000000000000e+03
9.992889165878295898e-01,7.110106525942683220e-04,1.745652667556329973e-12,2.863000000000000000e+03
9.999998807907104492e-01,1.037992660712916404e-07,9.261224069066284017e-25,1.316000000000000000e+03
9.997594952583312988e-01,2.404903207207098603e-04,1.696573925184102771e-13,5.349000000000000000e+03
9.999996423721313477e-01,3.064008637920778710e-07,1.060995576981425019e-22,9.100000000000000000e+02
9.999918937683105469e-01,8.137417353282216936e-06,3.851545251539315433e-18,3.212000000000000000e+03
9.999996423721313477e-01,3.148846872136346065e-07,2.191226193952732525e-23,4.492000000000000000e+03
9.980087876319885254e-01,1.991199329495429993e-03,2.978232660488799866e-10,1.156000000000000000e+03
9.999834299087524414e-01,1.652126957196742296e-05,2.507509518628960222e-17,4.902000000000000000e+03
9.999316930770874023e-01,6.832597864558920264e-05,1.687098122075147998e-16,4.340000000000000000e+03
1.000000000000000000e+00,1.816323202952219162e-09,1.173327021358015407e-30,5.741000000000000000e+03
9.999970197677612305e-01,3.021468501174240373e-06,1.623331483130689188e-19,2.432000000000000000e+03
9.999952316284179688e-01,4.802521743840770796e-06,1.190800324102102231e-20,9.090000000000000000e+02
9.999907016754150391e-01,9.338433301309123635e-06,9.189977432644750021e-18,4.582000000000000000e+03
9.999799728393554688e-01,2.000966924242675304e-05,4.830256336043380950e-17,1.600000000000000000e+03
9.999629259109497070e-01,3.709496741066686809e-05,5.349068119052478171e-16,1.200000000000000000e+01
9.999929666519165039e-01,7.085274319251766428e-06,2.285678496701173781e-18,2.554000000000000000e+03
9.999995231628417969e-01,4.245491993515315698e-07,5.922271640662153663e-23,2.023000000000000000e+03
9.999943971633911133e-01,5.587171472143381834e-06,1.983790453548667663e-18,1.237000000000000000e+03
9.999490976333618164e-01,5.087531826575286686e-05,2.759273776668401054e-15,5.232000000000000000e+03
1.000000000000000000e+00,4.337127634812532051e-08,3.591377709721702506e-26,2.279000000000000000e+03
1.000000000000000000e+00,2.806494785991877710e-23,0.000000000000000000e+00,3.101000000000000000e+03
9.999885559082031250e-01,1.139254618465201929e-05,5.671842629836264623e-18,1.520000000000000000e+03
1.000000000000000000e+00,6.808810388640236734e-21,0.000000000000000000e+00,1.167000000000000000e+03
9.999988079071044922e-01,1.250567038368899375e-06,3.234545998133698278e-21,2.428000000000000000e+03
9.999985694885253906e-01,1.474932105338666588e-06,4.234152167035334488e-21,2.755000000000000000e+03
9.999691247940063477e-01,3.084069976466707885e-05,4.553128728572149262e-16,1.332000000000000000e+03
9.999991655349731445e-01,7.818428571226831991e-07,1.451371284539094921e-21,2.766000000000000000e+03
9.999920129776000977e-01,8.004899427760392427e-06,1.413675861886041472e-18,3.000000000000000000e+00
1.000000000000000000e+00,2.711885294104376953e-08,1.070381080169652084e-25,5.137000000000000000e+03
9.999883174896240234e-01,1.163864362752065063e-05,1.370448933358153469e-17,5.952000000000000000e+03
9.999994039535522461e-01,5.632402917399303988e-07,2.353058989174905731e-22,3.954000000000000000e+03
9.917573332786560059e-01,8.242698386311531067e-03,2.369731255669194070e-08,3.400000000000000000e+01
9.999998807907104492e-01,7.819325276159361238e-08,2.363554075269689825e-26,3.309000000000000000e+03
9.999958276748657227e-01,4.215292847220553085e-06,1.613648817072873153e-19,8.800000000000000000e+01
1.000000000000000000e+00,5.894458698918469963e-09,6.861992569903640280e-24,3.427000000000000000e+03
9.999570846557617188e-01,4.295604230719618499e-05,4.200429238593582923e-16,5.965000000000000000e+03
9.999960660934448242e-01,3.875918082485441118e-06,1.293604754010893350e-19,3.330000000000000000e+02
9.999959468841552734e-01,4.071514467796077952e-06,1.717530294300345134e-19,3.500000000000000000e+01
9.999843835830688477e-01,1.566144601383712143e-05,2.169822297977047268e-17,1.200000000000000000e+03
9.999961853027343750e-01,3.788574986174353398e-06,1.553075027050468494e-19,1.217000000000000000e+03
9.999998807907104492e-01,1.626539898325063405e-07,1.249557251591893142e-23,5.591000000000000000e+03
9.999880790710449219e-01,1.189255181088810787e-05,1.280819116340480113e-17,1.522000000000000000e+03
1.000000000000000000e+00,2.238103480323161421e-09,2.048751618569696416e-32,4.475000000000000000e+03
9.999772310256958008e-01,2.280823900946415961e-05,1.195336997981106902e-16,1.950000000000000000e+02
9.999892711639404297e-01,1.075363252311944962e-05,5.836507406425664460e-18,2.213000000000000000e+03
9.669834971427917480e-01,3.301379829645156860e-02,2.612867547213681974e-06,2.588000000000000000e+03
9.999955892562866211e-01,4.361585524748079479e-06,1.520735884014825031e-19,2.134000000000000000e+03
9.999988079071044922e-01,1.170068117062328383e-06,3.798164572424883618e-21,1.593000000000000000e+03
9.999982118606567383e-01,1.838816388044506311e-06,7.493363737838955055e-21,5.081000000000000000e+03
9.995768666267395020e-01,4.230849444866180420e-04,1.240145573039308502e-12,2.614000000000000000e+03
9.999856948852539062e-01,1.434583282389212400e-05,9.474348065170067534e-18,5.368000000000000000e+03
9.999979734420776367e-01,1.974636234081117436e-06,2.679622643044093797e-18,8.860000000000000000e+02
9.999979734420776367e-01,2.080696503981016576e-06,1.693848921156518898e-20,2.390000000000000000e+02
9.999905824661254883e-01,9.374660294270142913e-06,4.923714427654010974e-18,5.848000000000000000e+03
9.999938011169433594e-01,6.186708105815341696e-06,3.964529851407933483e-19,1.457000000000000000e+03
9.999982118606567383e-01,1.752259777276776731e-06,7.278377557931862491e-21,6.820000000000000000e+02
9.999932050704956055e-01,6.745747214154107496e-06,5.746635060052390556e-18,5.279000000000000000e+03
9.999986886978149414e-01,1.358893086944590323e-06,4.790187579216811285e-21,3.772000000000000000e+03
9.999333620071411133e-01,6.668949208687990904e-05,1.004490951138012345e-14,3.262000000000000000e+03
9.999898672103881836e-01,1.013317887554876506e-05,1.019241197439877512e-17,7.930000000000000000e+02
9.999989271163940430e-01,1.068815208782325499e-06,1.849386632103448376e-18,5.997000000000000000e+03
9.999933242797851562e-01,6.618933639401802793e-06,1.298734152688122959e-18,4.262000000000000000e+03
9.999976158142089844e-01,2.373844381509115919e-06,1.830892876934808704e-20,4.715000000000000000e+03
9.999765157699584961e-01,2.347234112676233053e-05,1.196855569236856252e-16,2.726000000000000000e+03
9.999998807907104492e-01,1.010133274803592940e-07,4.783208795001028769e-25,4.581000000000000000e+03
9.999712705612182617e-01,2.876395046769175678e-05,4.269829983154357564e-15,6.800000000000000000e+01
9.995706677436828613e-01,4.293794918339699507e-04,1.345851381728824236e-12,5.726000000000000000e+03
9.999986886978149414e-01,1.320599835707980674e-06,5.155632884032345342e-22,1.165000000000000000e+03
1.000000000000000000e+00,5.469357944321018294e-08,5.203105896303364867e-26,1.634000000000000000e+03
9.999998807907104492e-01,1.061688195136412105e-07,4.443651506957696447e-25,2.149000000000000000e+03
9.999998807907104492e-01,1.389886108427162981e-07,1.197790000278175315e-20,4.765000000000000000e+03
9.999790191650390625e-01,2.097089054586831480e-05,9.260785912876636806e-17,5.029000000000000000e+03
9.999989271163940430e-01,1.123572928918292746e-06,3.844461241230494358e-21,4.045000000000000000e+03
9.999997615814208984e-01,2.763780742043309147e-07,1.515041605040239764e-23,3.587000000000000000e+03
9.983167648315429688e-01,1.683210721239447594e-03,1.417804623704554956e-10,4.518000000000000000e+03
9.999989271163940430e-01,1.072949430636072066e-06,2.590024474732138544e-21,1.322000000000000000e+03
9.999945163726806641e-01,5.438801053969655186e-06,2.292390645509929199e-16,1.660000000000000000e+03
9.999264478683471680e-01,7.353822729783132672e-05,3.926090460631406417e-15,3.489000000000000000e+03
9.997087121009826660e-01,2.912864438258111477e-04,1.000118174040998120e-12,2.514000000000000000e+03
9.999396800994873047e-01,6.037332059349864721e-05,2.448636301724147965e-15,4.684000000000000000e+03
9.999998807907104492e-01,9.175133186545281205e-08,6.363051655201965375e-25,3.964000000000000000e+03
1.000000000000000000e+00,4.884352060435045636e-30,0.000000000000000000e+00,6.140000000000000000e+02
9.999989271163940430e-01,1.095226366487622727e-06,2.116199829445922228e-21,2.321000000000000000e+03
1.000000000000000000e+00,0.000000000000000000e+00,0.000000000000000000e+00,2.892000000000000000e+03
9.999804496765136719e-01,1.952493403223343194e-05,6.378629916646281800e-17,5.150000000000000000e+03
1.000000000000000000e+00,4.984705981314618839e-08,7.987296167750848835e-26,5.160000000000000000e+02
9.999823570251464844e-01,1.761719977366738021e-05,4.617802936643016301e-17,1.139000000000000000e+03
9.999599456787109375e-01,4.000382614322006702e-05,3.781889943799388823e-17,4.146000000000000000e+03
9.999926090240478516e-01,7.448990345437778160e-06,9.113640242634681309e-19,3.866000000000000000e+03
1.000000000000000000e+00,1.091242582407225825e-10,2.709000888633109140e-34,5.450000000000000000e+02
9.997690320014953613e-01,2.310251002199947834e-04,7.302415372693535356e-14,3.487000000000000000e+03
9.999912977218627930e-01,8.708392670087050647e-06,5.439902013257008216e-18,3.600000000000000000e+03
9.999828338623046875e-01,1.715997314022388309e-05,7.312454624236586057e-17,6.520000000000000000e+02
9.999876022338867188e-01,1.234054980159271508e-05,1.515374533554077896e-17,5.690000000000000000e+02
9.999687671661376953e-01,3.124806607956998050e-05,2.388644822657947720e-16,1.360000000000000000e+03
9.999934434890747070e-01,6.511856554425321519e-06,7.453111352086277447e-19,5.034000000000000000e+03
9.999984502792358398e-01,1.514154064352624118e-06,4.722150762143974339e-21,1.270000000000000000e+02
1.000000000000000000e+00,0.000000000000000000e+00,0.000000000000000000e+00,1.469000000000000000e+03
1.000000000000000000e+00,5.495992638770985650e-08,4.313460923018173458e-26,1.770000000000000000e+03
9.999877214431762695e-01,1.228703695232979953e-05,1.418683902827651896e-17,5.976000000000000000e+03
9.999969005584716797e-01,3.111122168775182217e-06,1.182279943740151234e-19,9.440000000000000000e+02
9.989275336265563965e-01,1.072431332431733608e-03,4.120138258345562576e-11,5.962000000000000000e+03
9.999926090240478516e-01,7.425194780807942152e-06,2.682891660824903362e-18,5.187000000000000000e+03
9.999501705169677734e-01,4.982901373296044767e-05,5.166915801327809019e-16,2.309000000000000000e+03
1.000000000000000000e+00,1.505972993324583694e-37,0.000000000000000000e+00,2.558000000000000000e+03
9.999998807907104492e-01,9.213433571630957886e-08,4.652538916431825795e-25,3.976000000000000000e+03
9.999122619628906250e-01,8.770397835178300738e-05,5.152727999461299488e-15,2.505000000000000000e+03
9.999985694885253906e-01,1.458229803574795369e-06,5.843302801786538419e-21,3.276000000000000000e+03
9.999997615814208984e-01,2.666859870714688441e-07,1.641716415884086707e-23,2.616000000000000000e+03
9.999990463256835938e-01,8.973835861070256215e-07,5.207485819524322103e-20,4.122000000000000000e+03
9.999915361404418945e-01,8.501262527715880424e-06,2.603213074730426695e-18,3.697000000000000000e+03
9.999870061874389648e-01,1.296110167459119111e-05,5.234794308568359474e-18,5.336000000000000000e+03
9.999827146530151367e-01,1.725896981952246279e-05,4.722590176641233847e-17,1.151000000000000000e+03
9.986420273780822754e-01,1.358027104288339615e-03,8.761702474657795392e-11,2.720000000000000000e+02
9.999921321868896484e-01,7.899012416601181030e-06,1.411886670221089274e-18,2.600000000000000000e+02
9.999927282333374023e-01,7.232173174998024479e-06,1.616694315142534405e-18,3.021000000000000000e+03
9.987496137619018555e-01,1.250321278348565102e-03,9.156974484225699484e-11,2.747000000000000000e+03
9.999978542327880859e-01,2.170681455027079210e-06,1.257955030599833800e-20,4.060000000000000000e+03
9.999974966049194336e-01,2.516482481951243244e-06,2.699327022275644574e-20,2.776000000000000000e+03
9.999934434890747070e-01,6.537655281135812402e-06,6.666541688694423511e-19,8.850000000000000000e+02
1.000000000000000000e+00,4.259734964762174059e-08,1.608235782257708323e-26,4.343000000000000000e+03
9.999920129776000977e-01,8.013354090508073568e-06,1.045740652146049737e-18,2.909000000000000000e+03
9.999969005584716797e-01,3.084648142248624936e-06,6.405009409484118523e-20,4.453000000000000000e+03
1.000000000000000000e+00,1.422086004509992563e-08,6.761445552230363657e-28,1.832000000000000000e+03
9.999988079071044922e-01,1.227908342116279528e-06,7.457039684514080059e-21,1.280000000000000000e+03
9.999718666076660156e-01,2.810555452015250921e-05,7.365848140160148930e-17,1.282000000000000000e+03
9.999854564666748047e-01,1.456697737012291327e-05,1.887356496966316867e-17,5.031000000000000000e+03
9.999982118606567383e-01,1.761668045219266787e-06,1.198647311590775440e-20,1.664000000000000000e+03
9.999997615814208984e-01,2.412245123650791356e-07,9.613342980949129425e-24,4.273000000000000000e+03
9.999247789382934570e-01,7.517167250625789165e-05,4.883723887940489769e-15,2.993000000000000000e+03
9.999935626983642578e-01,6.440314791689161211e-06,6.615322768562716606e-18,5.002000000000000000e+03
9.999723434448242188e-01,2.762013536994345486e-05,2.102887272943174796e-16,2.666000000000000000e+03
9.999996423721313477e-01,4.037978271753672743e-07,1.546114615215841957e-22,2.254000000000000000e+03
9.999998807907104492e-01,1.485169462966950960e-07,1.786203350980416748e-24,3.188000000000000000e+03
9.999890327453613281e-01,1.101282396120950580e-05,9.117888642260753659e-18,5.401000000000000000e+03
1.000000000000000000e+00,3.385804969724404145e-10,6.159968393210972834e-33,4.252000000000000000e+03
9.999772310256958008e-01,2.277954445162322372e-05,6.579657304809328968e-17,2.995000000000000000e+03
9.999325275421142578e-01,6.743849371559917927e-05,2.172179994333394912e-15,9.230000000000000000e+02
9.999659061431884766e-01,3.409523196751251817e-05,3.457292558556107013e-16,4.125000000000000000e+03
9.999951124191284180e-01,4.910149073111824691e-06,9.273860474395257159e-20,3.032000000000000000e+03
9.999948740005493164e-01,5.085899374535074458e-06,1.545265472715687577e-20,8.070000000000000000e+02
9.999850988388061523e-01,1.494279786129482090e-05,5.879320206979877790e-18,1.592000000000000000e+03
9.999288320541381836e-01,7.118022767826914787e-05,4.310118681774034732e-15,3.425000000000000000e+03
1.000000000000000000e+00,6.215275328948764534e-32,0.000000000000000000e+00,1.823000000000000000e+03
1.000000000000000000e+00,5.923355583803413538e-09,9.121520791352557652e-29,9.150000000000000000e+02
1.000000000000000000e+00,2.390245978075090716e-20,0.000000000000000000e+00,5.288000000000000000e+03
9.999995231628417969e-01,4.501786463606549660e-07,1.253226190903058727e-18,1.962000000000000000e+03
9.993558526039123535e-01,6.441586883738636971e-04,8.482571416112971718e-12,5.963000000000000000e+03
9.999991655349731445e-01,8.658182082399434876e-07,1.123168292385662085e-21,4.818000000000000000e+03
1.000000000000000000e+00,3.692341010719246697e-08,1.304045008303059682e-25,2.048000000000000000e+03
1.000000000000000000e+00,4.902672018358700257e-12,0.000000000000000000e+00,4.217000000000000000e+03
9.999985694885253906e-01,1.447618728889210615e-06,3.956296221606377089e-21,2.982000000000000000e+03
9.999905824661254883e-01,9.476403647568076849e-06,1.533202479363747484e-15,3.146000000000000000e+03
9.996153116226196289e-01,3.847166954074054956e-04,1.882855850399156594e-12,2.581000000000000000e+03
9.999870061874389648e-01,1.293425702897366136e-05,1.238530417422380382e-17,4.199000000000000000e+03
9.999864101409912109e-01,1.358261670247884467e-05,5.512656270443803489e-18,4.119000000000000000e+03
9.999939203262329102e-01,6.028646112099522725e-06,1.166458770356579181e-18,4.700000000000000000e+03
9.997636675834655762e-01,2.363315288675948977e-04,5.816160270413761602e-13,5.410000000000000000e+02
9.999752044677734375e-01,2.478480018908157945e-05,7.323565975968888368e-17,2.242000000000000000e+03
1.000000000000000000e+00,4.287514698830818816e-08,1.267163172534132124e-25,1.894000000000000000e+03
9.999964237213134766e-01,3.531543143253657036e-06,6.959308954069584381e-20,9.330000000000000000e+02
9.999891519546508789e-01,1.087353484763298184e-05,4.480709992385417749e-18,2.946000000000000000e+03
9.999957084655761719e-01,4.315460955695016310e-06,1.276802906312351398e-19,2.474000000000000000e+03
1.000000000000000000e+00,5.513074441410026338e-08,8.126365566067908973e-26,4.786000000000000000e+03
1.000000000000000000e+00,5.356838306269651184e-10,1.991969804763607376e-32,1.662000000000000000e+03
1.000000000000000000e+00,2.221064989211607415e-19,0.000000000000000000e+00,5.380000000000000000e+03
9.999907016754150391e-01,9.357644557894673198e-06,1.499610311555680119e-18,3.603000000000000000e+03
9.999321699142456055e-01,6.784500146750360727e-05,3.994852595289510519e-15,4.550000000000000000e+02
9.999964237213134766e-01,3.588676008803304285e-06,1.344356678988025785e-19,5.376000000000000000e+03
9.999998807907104492e-01,7.295199822010545176e-08,3.687712725539952043e-25,1.988000000000000000e+03
9.999971389770507812e-01,2.844059508788632229e-06,1.054981047994788396e-19,5.717000000000000000e+03
9.999819993972778320e-01,1.801115104171913117e-05,2.191010363931470561e-17,5.000000000000000000e+00
9.999735355377197266e-01,2.649918133101891726e-05,2.602394380990958461e-16,3.100000000000000000e+02
9.999985694885253906e-01,1.430805355084885377e-06,4.844970523339976550e-21,4.268000000000000000e+03
9.999907016754150391e-01,9.352968845632858574e-06,2.626952951515545451e-18,5.689000000000000000e+03
9.952223896980285645e-01,4.777592606842517853e-03,3.667549597352603996e-09,1.796000000000000000e+03
9.999977350234985352e-01,2.227905497420579195e-06,8.180985894798502431e-21,4.107000000000000000e+03
9.999996423721313477e-01,3.121173790532338899e-07,1.050464347005596929e-22,4.589000000000000000e+03
9.999989271163940430e-01,1.098423012990679126e-06,1.765509177053250239e-21,2.440000000000000000e+02
9.985053539276123047e-01,1.494637806899845600e-03,7.615322955567549457e-11,2.458000000000000000e+03
9.999998807907104492e-01,6.523714546347036958e-08,2.396064173324374798e-25,3.470000000000000000e+02
9.999992847442626953e-01,7.339091325775370933e-07,8.557532807578775578e-22,5.596000000000000000e+03
1.000000000000000000e+00,8.341427375213594786e-12,0.000000000000000000e+00,2.080000000000000000e+02
9.999953508377075195e-01,4.645190074370475486e-06,5.995978419346420405e-19,8.810000000000000000e+02
1.000000000000000000e+00,1.403596572302490131e-09,3.447980013235897697e-31,3.129000000000000000e+03
9.999970197677612305e-01,2.958665390906389803e-06,2.007860608042742358e-19,5.820000000000000000e+03
1.000000000000000000e+00,2.532547149769470707e-08,4.576371622693617187e-26,3.496000000000000000e+03
9.999300241470336914e-01,7.002725760685279965e-05,3.391583024760789003e-15,5.333000000000000000e+03
9.999969005584716797e-01,3.082695457123918459e-06,1.476259048358241838e-16,2.041000000000000000e+03
9.996701478958129883e-01,3.298865340184420347e-04,3.917653419553690508e-13,2.197000000000000000e+03
1.000000000000000000e+00,2.263692167048247939e-08,5.192099129633994038e-27,4.796000000000000000e+03
9.988303780555725098e-01,1.169565832242369652e-03,5.986334344898480708e-11,4.965000000000000000e+03
9.999982118606567383e-01,1.846957275120075792e-06,2.009639821841555635e-20,2.050000000000000000e+03
9.999916553497314453e-01,8.292193342640530318e-06,3.735052992283166269e-18,1.010000000000000000e+03
9.999992847442626953e-01,6.717204996675718576e-07,2.916222371791116822e-22,5.236000000000000000e+03
9.999973773956298828e-01,2.595297019070130773e-06,3.443534149247501056e-20,3.020000000000000000e+03
9.999881982803344727e-01,1.179500850412296131e-05,5.714166980238765390e-18,4.422000000000000000e+03
9.999650716781616211e-01,3.487164212856441736e-05,2.232032136479771825e-16,3.733000000000000000e+03
